"Fecha","PRECIP","EVAP","TMAX","TMIN","nombre_estacion","x","y"
2017-01-01,0,NA,30,8,"21100VistaHermosa",19.13,-97.733
2017-01-02,0,NA,35,8,"21100VistaHermosa",19.13,-97.733
2017-01-03,0,NA,36,8,"21100VistaHermosa",19.13,-97.733
2017-01-04,0,NA,35,7,"21100VistaHermosa",19.13,-97.733
2017-01-05,0,NA,23,7,"21100VistaHermosa",19.13,-97.733
2017-01-06,0,NA,33,8,"21100VistaHermosa",19.13,-97.733
2017-01-07,0,NA,29,9,"21100VistaHermosa",19.13,-97.733
2017-01-08,0,NA,28,8,"21100VistaHermosa",19.13,-97.733
2017-01-09,0,NA,27,4,"21100VistaHermosa",19.13,-97.733
2017-01-10,0,NA,31,4,"21100VistaHermosa",19.13,-97.733
2017-01-11,0,NA,32,4,"21100VistaHermosa",19.13,-97.733
2017-01-12,0,NA,32,5,"21100VistaHermosa",19.13,-97.733
2017-01-13,0,NA,29,5,"21100VistaHermosa",19.13,-97.733
2017-01-14,0,NA,28,3,"21100VistaHermosa",19.13,-97.733
2017-01-15,0,NA,30,4,"21100VistaHermosa",19.13,-97.733
2017-01-16,0,NA,32,5,"21100VistaHermosa",19.13,-97.733
2017-01-17,0,NA,29,6,"21100VistaHermosa",19.13,-97.733
2017-01-18,0,NA,30,7,"21100VistaHermosa",19.13,-97.733
2017-01-19,0,NA,27,9,"21100VistaHermosa",19.13,-97.733
2017-01-20,0,NA,25,9,"21100VistaHermosa",19.13,-97.733
2017-01-21,0,NA,27,9,"21100VistaHermosa",19.13,-97.733
2017-01-22,0,NA,36,7,"21100VistaHermosa",19.13,-97.733
2017-01-23,0,NA,34,7,"21100VistaHermosa",19.13,-97.733
2017-01-24,0,NA,27,6,"21100VistaHermosa",19.13,-97.733
2017-01-25,0,NA,30,7,"21100VistaHermosa",19.13,-97.733
2017-01-26,0,NA,34,6,"21100VistaHermosa",19.13,-97.733
2017-01-27,0,NA,34,6,"21100VistaHermosa",19.13,-97.733
2017-01-28,0,NA,32,7,"21100VistaHermosa",19.13,-97.733
2017-01-29,0,NA,25,8,"21100VistaHermosa",19.13,-97.733
2017-01-30,0,NA,27,2,"21100VistaHermosa",19.13,-97.733
2017-01-31,0,NA,30,3,"21100VistaHermosa",19.13,-97.733
2017-02-01,0,NA,31,5,"21100VistaHermosa",19.13,-97.733
2017-02-02,0,NA,30,7,"21100VistaHermosa",19.13,-97.733
2017-02-03,0,NA,25,6,"21100VistaHermosa",19.13,-97.733
2017-02-04,0,NA,27,6,"21100VistaHermosa",19.13,-97.733
2017-02-05,0,NA,30,8,"21100VistaHermosa",19.13,-97.733
2017-02-06,0,NA,30,7,"21100VistaHermosa",19.13,-97.733
2017-02-07,0,NA,33,8,"21100VistaHermosa",19.13,-97.733
2017-02-08,0,NA,35,8,"21100VistaHermosa",19.13,-97.733
2017-02-09,0,NA,32,8,"21100VistaHermosa",19.13,-97.733
2017-02-10,0,NA,31,4,"21100VistaHermosa",19.13,-97.733
2017-02-11,0,NA,32,5,"21100VistaHermosa",19.13,-97.733
2017-02-12,0,NA,33,6,"21100VistaHermosa",19.13,-97.733
2017-02-13,0,NA,32,6,"21100VistaHermosa",19.13,-97.733
2017-02-14,0,NA,29,7,"21100VistaHermosa",19.13,-97.733
2017-02-15,0,NA,28,9,"21100VistaHermosa",19.13,-97.733
2017-02-16,0,NA,24,10,"21100VistaHermosa",19.13,-97.733
2017-02-17,0,NA,20,9,"21100VistaHermosa",19.13,-97.733
2017-02-18,0,NA,27,8,"21100VistaHermosa",19.13,-97.733
2017-02-19,0,NA,26,8,"21100VistaHermosa",19.13,-97.733
2017-02-20,0,NA,28,9,"21100VistaHermosa",19.13,-97.733
2017-02-21,0,NA,31,10,"21100VistaHermosa",19.13,-97.733
2017-02-22,0,NA,35,8,"21100VistaHermosa",19.13,-97.733
2017-02-23,0,NA,29,8,"21100VistaHermosa",19.13,-97.733
2017-02-24,0,NA,31,10,"21100VistaHermosa",19.13,-97.733
2017-02-25,0,NA,32,7,"21100VistaHermosa",19.13,-97.733
2017-02-26,0,NA,32,10,"21100VistaHermosa",19.13,-97.733
2017-02-27,0,NA,32,9,"21100VistaHermosa",19.13,-97.733
2017-02-28,0,NA,34,9,"21100VistaHermosa",19.13,-97.733
2017-03-01,0,NA,37,9,"21100VistaHermosa",19.13,-97.733
2017-03-02,0,NA,30,10,"21100VistaHermosa",19.13,-97.733
2017-03-03,0,NA,25,8,"21100VistaHermosa",19.13,-97.733
2017-03-04,0,NA,28,8,"21100VistaHermosa",19.13,-97.733
2017-03-05,0,NA,29,9,"21100VistaHermosa",19.13,-97.733
2017-03-06,0,NA,29,9,"21100VistaHermosa",19.13,-97.733
2017-03-07,0,NA,32,9,"21100VistaHermosa",19.13,-97.733
2017-03-08,11.6,NA,28,9,"21100VistaHermosa",19.13,-97.733
2017-03-09,5.6,NA,27,7,"21100VistaHermosa",19.13,-97.733
2017-03-10,6,NA,29,8,"21100VistaHermosa",19.13,-97.733
2017-03-11,0,NA,28,9,"21100VistaHermosa",19.13,-97.733
2017-03-12,0,NA,27,10,"21100VistaHermosa",19.13,-97.733
2017-03-13,2.3,NA,24,11,"21100VistaHermosa",19.13,-97.733
2017-03-14,0,NA,27,8,"21100VistaHermosa",19.13,-97.733
2017-03-15,1.9,NA,15,9,"21100VistaHermosa",19.13,-97.733
2017-03-16,3,NA,21,9,"21100VistaHermosa",19.13,-97.733
2017-03-17,0,NA,29,6,"21100VistaHermosa",19.13,-97.733
2017-03-18,0,NA,31,8,"21100VistaHermosa",19.13,-97.733
2017-03-19,0,NA,30,8,"21100VistaHermosa",19.13,-97.733
2017-03-20,0,NA,32,8,"21100VistaHermosa",19.13,-97.733
2017-03-21,0,NA,32,8,"21100VistaHermosa",19.13,-97.733
2017-03-22,0,NA,32,8,"21100VistaHermosa",19.13,-97.733
2017-03-23,0,NA,32,3,"21100VistaHermosa",19.13,-97.733
2017-03-24,0,NA,30,5,"21100VistaHermosa",19.13,-97.733
2017-03-25,6.1,NA,33,10,"21100VistaHermosa",19.13,-97.733
2017-03-26,2.6,NA,31,9,"21100VistaHermosa",19.13,-97.733
2017-03-27,0,NA,30,9,"21100VistaHermosa",19.13,-97.733
2017-03-28,0,NA,30,10,"21100VistaHermosa",19.13,-97.733
2017-03-29,0,NA,30,12,"21100VistaHermosa",19.13,-97.733
2017-03-30,0,NA,31,12,"21100VistaHermosa",19.13,-97.733
2017-03-31,0,NA,29,12,"21100VistaHermosa",19.13,-97.733
2017-04-01,0,NA,30,13,"21100VistaHermosa",19.13,-97.733
2017-04-02,0,NA,29,12,"21100VistaHermosa",19.13,-97.733
2017-04-03,0,NA,31,9,"21100VistaHermosa",19.13,-97.733
2017-04-04,0,NA,31,11,"21100VistaHermosa",19.13,-97.733
2017-04-05,0,NA,35,11,"21100VistaHermosa",19.13,-97.733
2017-04-06,0,NA,30,12,"21100VistaHermosa",19.13,-97.733
2017-04-07,0,NA,32,9,"21100VistaHermosa",19.13,-97.733
2017-04-08,7.4,NA,28,11,"21100VistaHermosa",19.13,-97.733
2017-04-09,2.5,NA,24,9,"21100VistaHermosa",19.13,-97.733
2017-04-10,0,NA,29,10,"21100VistaHermosa",19.13,-97.733
2017-04-11,0,NA,32,9,"21100VistaHermosa",19.13,-97.733
2017-04-12,0,NA,31,8,"21100VistaHermosa",19.13,-97.733
2017-04-13,0,NA,28,8,"21100VistaHermosa",19.13,-97.733
2017-04-14,0,NA,27,9,"21100VistaHermosa",19.13,-97.733
2017-04-15,0,NA,32,9,"21100VistaHermosa",19.13,-97.733
2017-04-16,0,NA,28,10,"21100VistaHermosa",19.13,-97.733
2017-04-17,16.1,NA,26,9,"21100VistaHermosa",19.13,-97.733
2017-04-18,5.6,NA,23,9,"21100VistaHermosa",19.13,-97.733
2017-04-19,1.5,NA,22,7,"21100VistaHermosa",19.13,-97.733
2017-04-20,0,NA,23,7,"21100VistaHermosa",19.13,-97.733
2017-04-21,13.1,NA,22,8,"21100VistaHermosa",19.13,-97.733
2017-04-22,0,NA,31,8,"21100VistaHermosa",19.13,-97.733
2017-04-23,0,NA,29,9,"21100VistaHermosa",19.13,-97.733
2017-04-24,3.5,NA,28,8,"21100VistaHermosa",19.13,-97.733
2017-04-25,0,NA,25,9,"21100VistaHermosa",19.13,-97.733
2017-04-26,0,NA,28,11,"21100VistaHermosa",19.13,-97.733
2017-04-27,0,NA,30,11,"21100VistaHermosa",19.13,-97.733
2017-04-28,0,NA,28,15,"21100VistaHermosa",19.13,-97.733
2017-04-29,0,NA,29,14,"21100VistaHermosa",19.13,-97.733
2017-04-30,0,NA,29,14,"21100VistaHermosa",19.13,-97.733
2017-05-01,0,NA,33,13,"21100VistaHermosa",19.13,-97.733
2017-05-02,0,NA,33,14,"21100VistaHermosa",19.13,-97.733
2017-05-03,0,NA,34,14,"21100VistaHermosa",19.13,-97.733
2017-05-04,2,NA,29,12,"21100VistaHermosa",19.13,-97.733
2017-05-05,0,NA,26,11,"21100VistaHermosa",19.13,-97.733
2017-05-06,0,NA,27,10,"21100VistaHermosa",19.13,-97.733
2017-05-07,9.6,NA,26,10,"21100VistaHermosa",19.13,-97.733
2017-05-08,0,NA,31,12,"21100VistaHermosa",19.13,-97.733
2017-05-09,0,NA,33,12,"21100VistaHermosa",19.13,-97.733
2017-05-10,2,NA,33,13,"21100VistaHermosa",19.13,-97.733
2017-05-11,0,NA,34,11,"21100VistaHermosa",19.13,-97.733
2017-05-12,13.4,NA,30,12,"21100VistaHermosa",19.13,-97.733
2017-05-13,2.5,NA,28,12,"21100VistaHermosa",19.13,-97.733
2017-05-14,0,NA,30,11,"21100VistaHermosa",19.13,-97.733
2017-05-15,0,NA,31,11,"21100VistaHermosa",19.13,-97.733
2017-05-16,3.4,NA,30,11,"21100VistaHermosa",19.13,-97.733
2017-05-17,2.6,NA,32,14,"21100VistaHermosa",19.13,-97.733
2017-05-18,15.1,NA,34,14,"21100VistaHermosa",19.13,-97.733
2017-05-19,0,NA,31,10,"21100VistaHermosa",19.13,-97.733
2017-05-20,0,NA,32,13,"21100VistaHermosa",19.13,-97.733
2017-05-21,0,NA,30,14,"21100VistaHermosa",19.13,-97.733
2017-05-22,0,NA,31,14,"21100VistaHermosa",19.13,-97.733
2017-05-23,0,NA,29,15,"21100VistaHermosa",19.13,-97.733
2017-05-24,0,NA,30,16,"21100VistaHermosa",19.13,-97.733
2017-05-25,0,NA,28,15,"21100VistaHermosa",19.13,-97.733
2017-05-26,0,NA,32,14,"21100VistaHermosa",19.13,-97.733
2017-05-27,0,NA,32,15,"21100VistaHermosa",19.13,-97.733
2017-05-28,5.7,NA,20,14,"21100VistaHermosa",19.13,-97.733
2017-05-29,14,NA,25,13,"21100VistaHermosa",19.13,-97.733
2017-05-30,2.1,NA,25,13,"21100VistaHermosa",19.13,-97.733
2017-05-31,19.6,NA,22,13,"21100VistaHermosa",19.13,-97.733
2017-06-01,7.9,NA,22,13,"21100VistaHermosa",19.13,-97.733
2017-06-02,5.6,NA,24,14,"21100VistaHermosa",19.13,-97.733
2017-06-03,8.2,NA,29,13,"21100VistaHermosa",19.13,-97.733
2017-06-04,3.2,NA,29,10,"21100VistaHermosa",19.13,-97.733
2017-06-05,0,NA,26,11,"21100VistaHermosa",19.13,-97.733
2017-06-06,5.8,NA,27,13,"21100VistaHermosa",19.13,-97.733
2017-06-07,3.7,NA,27,11,"21100VistaHermosa",19.13,-97.733
2017-06-08,0,NA,31,11,"21100VistaHermosa",19.13,-97.733
2017-06-09,0,NA,25,11,"21100VistaHermosa",19.13,-97.733
2017-06-10,4.3,NA,27,12,"21100VistaHermosa",19.13,-97.733
2017-06-11,18.3,NA,28,13,"21100VistaHermosa",19.13,-97.733
2017-06-12,0,NA,27,12,"21100VistaHermosa",19.13,-97.733
2017-06-13,2.4,NA,25,11,"21100VistaHermosa",19.13,-97.733
2017-06-14,0,NA,27,14,"21100VistaHermosa",19.13,-97.733
2017-06-15,0,NA,25,12,"21100VistaHermosa",19.13,-97.733
2017-06-16,0,NA,27,11,"21100VistaHermosa",19.13,-97.733
2017-06-17,3.8,NA,30,12,"21100VistaHermosa",19.13,-97.733
2017-06-18,3,NA,29,11,"21100VistaHermosa",19.13,-97.733
2017-06-19,0,NA,29,12,"21100VistaHermosa",19.13,-97.733
2017-06-20,0,NA,30,10,"21100VistaHermosa",19.13,-97.733
2017-06-21,0,NA,30,11,"21100VistaHermosa",19.13,-97.733
2017-06-22,0,NA,31,11,"21100VistaHermosa",19.13,-97.733
2017-06-23,0,NA,30,11,"21100VistaHermosa",19.13,-97.733
2017-06-24,7.7,NA,25,12,"21100VistaHermosa",19.13,-97.733
2017-06-25,3.5,NA,24,14,"21100VistaHermosa",19.13,-97.733
2017-06-26,3.5,NA,28,14,"21100VistaHermosa",19.13,-97.733
2017-06-27,2.4,NA,24,14,"21100VistaHermosa",19.13,-97.733
2017-06-28,9.7,NA,25,14,"21100VistaHermosa",19.13,-97.733
2017-06-29,0,NA,27,13,"21100VistaHermosa",19.13,-97.733
2017-06-30,17.5,NA,25,13,"21100VistaHermosa",19.13,-97.733
2017-07-01,0,NA,25,15,"21100VistaHermosa",19.13,-97.733
2017-07-02,0,NA,24,16,"21100VistaHermosa",19.13,-97.733
2017-07-03,4.1,NA,24,13,"21100VistaHermosa",19.13,-97.733
2017-07-04,9.9,NA,24,11,"21100VistaHermosa",19.13,-97.733
2017-07-05,19,NA,24,12,"21100VistaHermosa",19.13,-97.733
2017-07-06,0,NA,25,10,"21100VistaHermosa",19.13,-97.733
2017-07-07,0,NA,23,10,"21100VistaHermosa",19.13,-97.733
2017-07-08,10.4,NA,21,11,"21100VistaHermosa",19.13,-97.733
2017-07-09,15.9,NA,19,13,"21100VistaHermosa",19.13,-97.733
2017-07-10,0,NA,23,10,"21100VistaHermosa",19.13,-97.733
2017-07-11,19.3,NA,23,11,"21100VistaHermosa",19.13,-97.733
2017-07-12,0,NA,25,12,"21100VistaHermosa",19.13,-97.733
2017-07-13,0,NA,25,10,"21100VistaHermosa",19.13,-97.733
2017-07-14,0,NA,26,10,"21100VistaHermosa",19.13,-97.733
2017-07-15,0,NA,26,10,"21100VistaHermosa",19.13,-97.733
2017-07-16,0,NA,25,10,"21100VistaHermosa",19.13,-97.733
2017-07-17,15.8,NA,27,11,"21100VistaHermosa",19.13,-97.733
2017-07-18,2.5,NA,25,10,"21100VistaHermosa",19.13,-97.733
2017-07-19,0,NA,27,10,"21100VistaHermosa",19.13,-97.733
2017-07-20,4.2,NA,29,10,"21100VistaHermosa",19.13,-97.733
2017-07-21,0,NA,27,11,"21100VistaHermosa",19.13,-97.733
2017-07-22,0,NA,26,11,"21100VistaHermosa",19.13,-97.733
2017-07-23,0,NA,25,12,"21100VistaHermosa",19.13,-97.733
2017-07-24,0,NA,25,13,"21100VistaHermosa",19.13,-97.733
2017-07-25,0,NA,22,13,"21100VistaHermosa",19.13,-97.733
2017-07-26,0,NA,23,12,"21100VistaHermosa",19.13,-97.733
2017-07-27,0,NA,25,12,"21100VistaHermosa",19.13,-97.733
2017-07-28,0,NA,29,9,"21100VistaHermosa",19.13,-97.733
2017-07-29,1.5,NA,27,10,"21100VistaHermosa",19.13,-97.733
2017-07-30,0,NA,32,10,"21100VistaHermosa",19.13,-97.733
2017-07-31,9.6,NA,29,11,"21100VistaHermosa",19.13,-97.733
2017-08-01,0,NA,29,10,"21100VistaHermosa",19.13,-97.733
2017-08-02,0,NA,28,11,"21100VistaHermosa",19.13,-97.733
2017-08-03,11.4,NA,25,12,"21100VistaHermosa",19.13,-97.733
2017-08-04,9.8,NA,25,13,"21100VistaHermosa",19.13,-97.733
2017-08-05,0,NA,25,12,"21100VistaHermosa",19.13,-97.733
2017-08-06,0,NA,29,12,"21100VistaHermosa",19.13,-97.733
2017-08-07,0,NA,30,12,"21100VistaHermosa",19.13,-97.733
2017-08-08,0,NA,30,11,"21100VistaHermosa",19.13,-97.733
2017-08-09,19.2,NA,20,12,"21100VistaHermosa",19.13,-97.733
2017-08-10,0,NA,20,12,"21100VistaHermosa",19.13,-97.733
2017-08-11,0,NA,25,11,"21100VistaHermosa",19.13,-97.733
2017-08-12,0,NA,27,10,"21100VistaHermosa",19.13,-97.733
2017-08-13,0,NA,26,11,"21100VistaHermosa",19.13,-97.733
2017-08-14,0,NA,27,10,"21100VistaHermosa",19.13,-97.733
2017-08-15,0,NA,29,11,"21100VistaHermosa",19.13,-97.733
2017-08-16,0,NA,27,13,"21100VistaHermosa",19.13,-97.733
2017-08-17,0,NA,30,13,"21100VistaHermosa",19.13,-97.733
2017-08-18,0,NA,27,11,"21100VistaHermosa",19.13,-97.733
2017-08-19,0,NA,28,11,"21100VistaHermosa",19.13,-97.733
2017-08-20,0,NA,29,11,"21100VistaHermosa",19.13,-97.733
2017-08-21,0,NA,26,10,"21100VistaHermosa",19.13,-97.733
2017-08-22,5,NA,29,11,"21100VistaHermosa",19.13,-97.733
2017-08-23,0,NA,29,11,"21100VistaHermosa",19.13,-97.733
2017-08-24,0,NA,32,12,"21100VistaHermosa",19.13,-97.733
2017-08-25,0,NA,27,14,"21100VistaHermosa",19.13,-97.733
2017-08-26,8.6,NA,33,14,"21100VistaHermosa",19.13,-97.733
2017-08-27,0,NA,25,12,"21100VistaHermosa",19.13,-97.733
2017-08-28,18.8,NA,25,14,"21100VistaHermosa",19.13,-97.733
2017-08-29,16.5,NA,22,13,"21100VistaHermosa",19.13,-97.733
2017-08-30,10.5,NA,23,12,"21100VistaHermosa",19.13,-97.733
2017-08-31,14.8,NA,21,13,"21100VistaHermosa",19.13,-97.733
2017-09-01,6.5,NA,21,13,"21100VistaHermosa",19.13,-97.733
2017-09-02,0,NA,24,13,"21100VistaHermosa",19.13,-97.733
2017-09-03,15.7,NA,23,13,"21100VistaHermosa",19.13,-97.733
2017-09-04,8.1,NA,24,12,"21100VistaHermosa",19.13,-97.733
2017-09-05,1.2,NA,21,12,"21100VistaHermosa",19.13,-97.733
2017-09-06,10.4,NA,23,13,"21100VistaHermosa",19.13,-97.733
2017-09-07,0,NA,21,13,"21100VistaHermosa",19.13,-97.733
2017-09-08,8.8,NA,19,11,"21100VistaHermosa",19.13,-97.733
2017-09-09,0,NA,24,11,"21100VistaHermosa",19.13,-97.733
2017-09-10,0,NA,22,12,"21100VistaHermosa",19.13,-97.733
2017-09-11,0,NA,27,6,"21100VistaHermosa",19.13,-97.733
2017-09-12,0,NA,30,7,"21100VistaHermosa",19.13,-97.733
2017-09-13,0,NA,29,8,"21100VistaHermosa",19.13,-97.733
2017-09-14,6.3,NA,22,10,"21100VistaHermosa",19.13,-97.733
2017-09-15,0,NA,25,12,"21100VistaHermosa",19.13,-97.733
2017-09-16,0,NA,27,12,"21100VistaHermosa",19.13,-97.733
2017-09-17,0,NA,27,12,"21100VistaHermosa",19.13,-97.733
2017-09-18,0,NA,28,13,"21100VistaHermosa",19.13,-97.733
2017-09-19,0,NA,30,11,"21100VistaHermosa",19.13,-97.733
2017-09-20,0,NA,27,11,"21100VistaHermosa",19.13,-97.733
2017-09-21,0,NA,28,13,"21100VistaHermosa",19.13,-97.733
2017-09-22,0,NA,29,14,"21100VistaHermosa",19.13,-97.733
2017-09-23,0,NA,28,13,"21100VistaHermosa",19.13,-97.733
2017-09-24,0,NA,27,13,"21100VistaHermosa",19.13,-97.733
2017-09-25,0,NA,27,13,"21100VistaHermosa",19.13,-97.733
2017-09-26,6.5,NA,28,14,"21100VistaHermosa",19.13,-97.733
2017-09-27,0,NA,21,14,"21100VistaHermosa",19.13,-97.733
2017-09-28,0,NA,20,12,"21100VistaHermosa",19.13,-97.733
2017-09-29,0,NA,22,11,"21100VistaHermosa",19.13,-97.733
2017-09-30,0,NA,21,13,"21100VistaHermosa",19.13,-97.733
2017-10-01,0,NA,27,12,"21100VistaHermosa",19.13,-97.733
2017-10-02,0,NA,27,12,"21100VistaHermosa",19.13,-97.733
2017-10-03,0,NA,20,12,"21100VistaHermosa",19.13,-97.733
2017-10-04,0,NA,25,12,"21100VistaHermosa",19.13,-97.733
2017-10-05,0,NA,20,10,"21100VistaHermosa",19.13,-97.733
2017-10-06,0,NA,29,10,"21100VistaHermosa",19.13,-97.733
2017-10-07,0,NA,27,10,"21100VistaHermosa",19.13,-97.733
2017-10-08,0,NA,27,10,"21100VistaHermosa",19.13,-97.733
2017-10-09,4.4,NA,31,14,"21100VistaHermosa",19.13,-97.733
2017-10-10,2.1,NA,27,11,"21100VistaHermosa",19.13,-97.733
2017-10-11,0,NA,24,12,"21100VistaHermosa",19.13,-97.733
2017-10-12,0,NA,20,10,"21100VistaHermosa",19.13,-97.733
2017-10-13,0,NA,27,10,"21100VistaHermosa",19.13,-97.733
2017-10-14,0,NA,24,10,"21100VistaHermosa",19.13,-97.733
2017-10-15,0,NA,30,10,"21100VistaHermosa",19.13,-97.733
2017-10-16,0,NA,27,10,"21100VistaHermosa",19.13,-97.733
2017-10-17,0,NA,27,10,"21100VistaHermosa",19.13,-97.733
2017-10-18,0,NA,29,4,"21100VistaHermosa",19.13,-97.733
2017-10-19,0,NA,29,4,"21100VistaHermosa",19.13,-97.733
2017-10-20,0,NA,29,10,"21100VistaHermosa",19.13,-97.733
2017-10-21,0,NA,35,7,"21100VistaHermosa",19.13,-97.733
2017-10-22,0,NA,34,8,"21100VistaHermosa",19.13,-97.733
2017-10-23,0,NA,27,9,"21100VistaHermosa",19.13,-97.733
2017-10-24,0,NA,27,10,"21100VistaHermosa",19.13,-97.733
2017-10-25,0,NA,23,7,"21100VistaHermosa",19.13,-97.733
2017-10-26,0,NA,29,7,"21100VistaHermosa",19.13,-97.733
2017-10-27,0,NA,28,8,"21100VistaHermosa",19.13,-97.733
2017-10-28,0,NA,28,9,"21100VistaHermosa",19.13,-97.733
2017-10-29,0,NA,29,10,"21100VistaHermosa",19.13,-97.733
2017-10-30,2,NA,28,10,"21100VistaHermosa",19.13,-97.733
2017-10-31,0,NA,30,10,"21100VistaHermosa",19.13,-97.733
2017-11-01,0,NA,30,10,"21100VistaHermosa",19.13,-97.733
2017-11-02,0,NA,31,10,"21100VistaHermosa",19.13,-97.733
2017-11-03,0,NA,36,9,"21100VistaHermosa",19.13,-97.733
2017-11-04,0,NA,35,8,"21100VistaHermosa",19.13,-97.733
2017-11-05,0,NA,35,9,"21100VistaHermosa",19.13,-97.733
2017-11-06,0,NA,35,7,"21100VistaHermosa",19.13,-97.733
2017-11-07,0,NA,37,8,"21100VistaHermosa",19.13,-97.733
2017-11-08,0,NA,32,9,"21100VistaHermosa",19.13,-97.733
2017-11-09,0,NA,33,9,"21100VistaHermosa",19.13,-97.733
2017-11-10,0,NA,29,10,"21100VistaHermosa",19.13,-97.733
2017-11-11,0,NA,31,10,"21100VistaHermosa",19.13,-97.733
2017-11-12,0,NA,33,8,"21100VistaHermosa",19.13,-97.733
2017-11-13,0,NA,30,7,"21100VistaHermosa",19.13,-97.733
2017-11-14,0,NA,32,8,"21100VistaHermosa",19.13,-97.733
2017-11-15,0,NA,35,9,"21100VistaHermosa",19.13,-97.733
2017-11-16,0,NA,34,8,"21100VistaHermosa",19.13,-97.733
2017-11-17,0,NA,32,6,"21100VistaHermosa",19.13,-97.733
2017-11-18,0,NA,36,7,"21100VistaHermosa",19.13,-97.733
2017-11-19,0,NA,27,8,"21100VistaHermosa",19.13,-97.733
2017-11-20,0,NA,31,6,"21100VistaHermosa",19.13,-97.733
2017-11-21,0,NA,29,7,"21100VistaHermosa",19.13,-97.733
2017-11-22,0,NA,29,8,"21100VistaHermosa",19.13,-97.733
2017-11-23,0,NA,30,5,"21100VistaHermosa",19.13,-97.733
2017-11-24,0,NA,28,3,"21100VistaHermosa",19.13,-97.733
2017-11-25,0,NA,32,5,"21100VistaHermosa",19.13,-97.733
2017-11-26,0,NA,33,6,"21100VistaHermosa",19.13,-97.733
2017-11-27,0,NA,32,5,"21100VistaHermosa",19.13,-97.733
2017-11-28,0,NA,30,5,"21100VistaHermosa",19.13,-97.733
2017-11-29,0,NA,32,5,"21100VistaHermosa",19.13,-97.733
2017-11-30,0,NA,32,5,"21100VistaHermosa",19.13,-97.733
2017-12-01,0,NA,30,2,"21100VistaHermosa",19.13,-97.733
2017-12-02,0,NA,29,3,"21100VistaHermosa",19.13,-97.733
2017-12-03,0,NA,27,3,"21100VistaHermosa",19.13,-97.733
2017-12-04,0,NA,32,3,"21100VistaHermosa",19.13,-97.733
2017-12-05,0,NA,35,6,"21100VistaHermosa",19.13,-97.733
2017-12-06,0,NA,32,7,"21100VistaHermosa",19.13,-97.733
2017-12-07,0,NA,27,7,"21100VistaHermosa",19.13,-97.733
2017-12-08,0,NA,24,8,"21100VistaHermosa",19.13,-97.733
2017-12-09,0,NA,29,5,"21100VistaHermosa",19.13,-97.733
2017-12-10,0,NA,29,2,"21100VistaHermosa",19.13,-97.733
2017-12-11,0,NA,30,2,"21100VistaHermosa",19.13,-97.733
2017-12-12,0,NA,32,2,"21100VistaHermosa",19.13,-97.733
2017-12-13,0,NA,25,3,"21100VistaHermosa",19.13,-97.733
2017-12-14,0,NA,25,4,"21100VistaHermosa",19.13,-97.733
2017-12-15,0,NA,30,6,"21100VistaHermosa",19.13,-97.733
2017-12-16,0,NA,27,6,"21100VistaHermosa",19.13,-97.733
2017-12-17,0,NA,27,8,"21100VistaHermosa",19.13,-97.733
2017-12-18,0,NA,32,6,"21100VistaHermosa",19.13,-97.733
2017-12-19,0,NA,32,2,"21100VistaHermosa",19.13,-97.733
2017-12-20,0,NA,33,6,"21100VistaHermosa",19.13,-97.733
2017-12-21,0,NA,35,8,"21100VistaHermosa",19.13,-97.733
2017-12-22,0,NA,32,6,"21100VistaHermosa",19.13,-97.733
2017-12-23,0,NA,31,8,"21100VistaHermosa",19.13,-97.733
2017-12-24,0,NA,33,6,"21100VistaHermosa",19.13,-97.733
2017-12-25,0,NA,27,6,"21100VistaHermosa",19.13,-97.733
2017-12-26,0,NA,32,5,"21100VistaHermosa",19.13,-97.733
2017-12-27,0,NA,30,5,"21100VistaHermosa",19.13,-97.733
2017-12-28,0,NA,29,6,"21100VistaHermosa",19.13,-97.733
2017-12-29,0,NA,29,7,"21100VistaHermosa",19.13,-97.733
2017-12-30,0,NA,29,4,"21100VistaHermosa",19.13,-97.733
2017-12-31,0,NA,27,5,"21100VistaHermosa",19.13,-97.733
2018-01-01,0,NA,27,7,"21100VistaHermosa",19.13,-97.733
2018-01-02,0,NA,27,7,"21100VistaHermosa",19.13,-97.733
2018-01-03,0,NA,25,5,"21100VistaHermosa",19.13,-97.733
2018-01-04,0,NA,27,5,"21100VistaHermosa",19.13,-97.733
2018-01-05,0,NA,29,6,"21100VistaHermosa",19.13,-97.733
2018-01-06,0,NA,32,7,"21100VistaHermosa",19.13,-97.733
2018-01-07,0,NA,29,4,"21100VistaHermosa",19.13,-97.733
2018-01-08,0,NA,26,5,"21100VistaHermosa",19.13,-97.733
2018-01-09,0,NA,30,4,"21100VistaHermosa",19.13,-97.733
2018-01-10,0,NA,29,4,"21100VistaHermosa",19.13,-97.733
2018-01-11,0,NA,31,5,"21100VistaHermosa",19.13,-97.733
2018-01-12,0,NA,30,5,"21100VistaHermosa",19.13,-97.733
2018-01-13,0,NA,29,4,"21100VistaHermosa",19.13,-97.733
2018-01-14,0,NA,27,3,"21100VistaHermosa",19.13,-97.733
2018-01-15,0,NA,25,4,"21100VistaHermosa",19.13,-97.733
2018-01-16,0,NA,27,3,"21100VistaHermosa",19.13,-97.733
2018-01-17,0,NA,25,3,"21100VistaHermosa",19.13,-97.733
2018-01-18,0,NA,27,5,"21100VistaHermosa",19.13,-97.733
2018-01-19,0,NA,24,3,"21100VistaHermosa",19.13,-97.733
2018-01-20,0,NA,27,3,"21100VistaHermosa",19.13,-97.733
2018-01-21,0,NA,29,5,"21100VistaHermosa",19.13,-97.733
2018-01-22,0,NA,32,6,"21100VistaHermosa",19.13,-97.733
2018-01-23,0,NA,28,6,"21100VistaHermosa",19.13,-97.733
2018-01-24,0,NA,25,9,"21100VistaHermosa",19.13,-97.733
2018-01-25,0,NA,19,7,"21100VistaHermosa",19.13,-97.733
2018-01-26,0,NA,25,5,"21100VistaHermosa",19.13,-97.733
2018-01-27,0,NA,27,6,"21100VistaHermosa",19.13,-97.733
2018-01-28,0,NA,25,8,"21100VistaHermosa",19.13,-97.733
2018-01-29,0,NA,8,5,"21100VistaHermosa",19.13,-97.733
2018-01-30,0,NA,5,1,"21100VistaHermosa",19.13,-97.733
2018-01-31,0,NA,24,3,"21100VistaHermosa",19.13,-97.733
2018-02-01,0,NA,31,3,"21100VistaHermosa",19.13,-97.733
2018-02-02,0,NA,32,7,"21100VistaHermosa",19.13,-97.733
2018-02-03,0,NA,30,7,"21100VistaHermosa",19.13,-97.733
2018-02-04,0,NA,34,7,"21100VistaHermosa",19.13,-97.733
2018-02-05,0,NA,30,9,"21100VistaHermosa",19.13,-97.733
2018-02-06,0,NA,30,7,"21100VistaHermosa",19.13,-97.733
2018-02-07,0,NA,29,6,"21100VistaHermosa",19.13,-97.733
2018-02-08,0,NA,22,7,"21100VistaHermosa",19.13,-97.733
2018-02-09,0,NA,24,8,"21100VistaHermosa",19.13,-97.733
2018-02-10,0,NA,24,9,"21100VistaHermosa",19.13,-97.733
2018-02-11,0,NA,23,10,"21100VistaHermosa",19.13,-97.733
2018-02-12,0,NA,25,8,"21100VistaHermosa",19.13,-97.733
2018-02-13,0,NA,26,6,"21100VistaHermosa",19.13,-97.733
2018-02-14,0,NA,27,6,"21100VistaHermosa",19.13,-97.733
2018-02-15,0,NA,29,5,"21100VistaHermosa",19.13,-97.733
2018-02-16,0,NA,30,5,"21100VistaHermosa",19.13,-97.733
2018-02-17,0,NA,32,7,"21100VistaHermosa",19.13,-97.733
2018-02-18,0,NA,29,6,"21100VistaHermosa",19.13,-97.733
2018-02-19,0,NA,28,8,"21100VistaHermosa",19.13,-97.733
2018-02-20,0,NA,30,6,"21100VistaHermosa",19.13,-97.733
2018-02-21,0,NA,29,8,"21100VistaHermosa",19.13,-97.733
2018-02-22,0,NA,30,9,"21100VistaHermosa",19.13,-97.733
2018-02-23,0,NA,30,6,"21100VistaHermosa",19.13,-97.733
2018-02-24,0,NA,31,8,"21100VistaHermosa",19.13,-97.733
2018-02-25,0,NA,30,7,"21100VistaHermosa",19.13,-97.733
2018-02-26,0,NA,32,9,"21100VistaHermosa",19.13,-97.733
2018-02-27,0,NA,30,9,"21100VistaHermosa",19.13,-97.733
2018-02-28,0,NA,32,8,"21100VistaHermosa",19.13,-97.733
2018-03-01,0,NA,33,9,"21100VistaHermosa",19.13,-97.733
2018-03-02,0,NA,29,10,"21100VistaHermosa",19.13,-97.733
2018-03-03,0,NA,31,7,"21100VistaHermosa",19.13,-97.733
2018-03-04,0,NA,31,6,"21100VistaHermosa",19.13,-97.733
2018-03-05,0,NA,30,7,"21100VistaHermosa",19.13,-97.733
2018-03-06,0,NA,32,10,"21100VistaHermosa",19.13,-97.733
2018-03-07,0,NA,27,11,"21100VistaHermosa",19.13,-97.733
2018-03-08,0,NA,24,9,"21100VistaHermosa",19.13,-97.733
2018-03-09,0,NA,29,9,"21100VistaHermosa",19.13,-97.733
2018-03-10,0,NA,32,10,"21100VistaHermosa",19.13,-97.733
2018-03-11,0,NA,34,10,"21100VistaHermosa",19.13,-97.733
2018-03-12,0,NA,31,11,"21100VistaHermosa",19.13,-97.733
2018-03-13,0,NA,30,10,"21100VistaHermosa",19.13,-97.733
2018-03-14,0,NA,30,11,"21100VistaHermosa",19.13,-97.733
2018-03-15,0,NA,28,10,"21100VistaHermosa",19.13,-97.733
2018-03-16,0,NA,30,11,"21100VistaHermosa",19.13,-97.733
2018-03-17,0,NA,32,12,"21100VistaHermosa",19.13,-97.733
2018-03-18,0,NA,30,12,"21100VistaHermosa",19.13,-97.733
2018-03-19,0,NA,31,11,"21100VistaHermosa",19.13,-97.733
2018-03-20,0,NA,27,11,"21100VistaHermosa",19.13,-97.733
2018-03-21,0,NA,26,14,"21100VistaHermosa",19.13,-97.733
2018-03-22,0,NA,27,10,"21100VistaHermosa",19.13,-97.733
2018-03-23,0,NA,26,9,"21100VistaHermosa",19.13,-97.733
2018-03-24,0,NA,32,7,"21100VistaHermosa",19.13,-97.733
2018-03-25,0,NA,34,7,"21100VistaHermosa",19.13,-97.733
2018-03-26,0,NA,32,10,"21100VistaHermosa",19.13,-97.733
2018-03-27,0,NA,30,12,"21100VistaHermosa",19.13,-97.733
2018-03-28,0,NA,28,13,"21100VistaHermosa",19.13,-97.733
2018-03-29,0,NA,33,11,"21100VistaHermosa",19.13,-97.733
2018-03-30,0,NA,25,13,"21100VistaHermosa",19.13,-97.733
2018-03-31,0,NA,27,8,"21100VistaHermosa",19.13,-97.733
2018-04-01,0,NA,32,8,"21100VistaHermosa",19.13,-97.733
2018-04-02,0,NA,30,8,"21100VistaHermosa",19.13,-97.733
2018-04-03,0,NA,30,10,"21100VistaHermosa",19.13,-97.733
2018-04-04,11.3,NA,26,13,"21100VistaHermosa",19.13,-97.733
2018-04-05,7.3,NA,28,11,"21100VistaHermosa",19.13,-97.733
2018-04-06,12.6,NA,20,10,"21100VistaHermosa",19.13,-97.733
2018-04-07,0,NA,23,10,"21100VistaHermosa",19.13,-97.733
2018-04-08,0,NA,26,10,"21100VistaHermosa",19.13,-97.733
2018-04-09,0,NA,27,12,"21100VistaHermosa",19.13,-97.733
2018-04-10,0,NA,25,9,"21100VistaHermosa",19.13,-97.733
2018-04-11,0,NA,25,9,"21100VistaHermosa",19.13,-97.733
2018-04-12,16.3,NA,27,9,"21100VistaHermosa",19.13,-97.733
2018-04-13,0,NA,26,10,"21100VistaHermosa",19.13,-97.733
2018-04-14,0,NA,28,11,"21100VistaHermosa",19.13,-97.733
2018-04-15,0,NA,27,8,"21100VistaHermosa",19.13,-97.733
2018-04-16,0,NA,28,8,"21100VistaHermosa",19.13,-97.733
2018-04-17,0,NA,33,10,"21100VistaHermosa",19.13,-97.733
2018-04-18,0,NA,34,11,"21100VistaHermosa",19.13,-97.733
2018-04-19,0,NA,31,10,"21100VistaHermosa",19.13,-97.733
2018-04-20,0,NA,27,9,"21100VistaHermosa",19.13,-97.733
2018-04-21,0,NA,31,10,"21100VistaHermosa",19.13,-97.733
2018-04-22,3,NA,32,11,"21100VistaHermosa",19.13,-97.733
2018-04-23,17.1,NA,29,12,"21100VistaHermosa",19.13,-97.733
2018-04-24,11.6,NA,25,12,"21100VistaHermosa",19.13,-97.733
2018-04-25,0,NA,28,11,"21100VistaHermosa",19.13,-97.733
2018-04-26,0,NA,25,11,"21100VistaHermosa",19.13,-97.733
2018-04-27,3.7,NA,22,11,"21100VistaHermosa",19.13,-97.733
2018-04-28,0,NA,27,11,"21100VistaHermosa",19.13,-97.733
2018-04-29,0,NA,28,11,"21100VistaHermosa",19.13,-97.733
2018-04-30,16.3,NA,28,12,"21100VistaHermosa",19.13,-97.733
2018-05-01,0,NA,25,10,"21100VistaHermosa",19.13,-97.733
2018-05-02,0,NA,27,11,"21100VistaHermosa",19.13,-97.733
2018-05-03,5.2,NA,29,11,"21100VistaHermosa",19.13,-97.733
2018-05-04,0,NA,30,12,"21100VistaHermosa",19.13,-97.733
2018-05-05,0,NA,28,12,"21100VistaHermosa",19.13,-97.733
2018-05-06,0,NA,29,10,"21100VistaHermosa",19.13,-97.733
2018-05-07,0,NA,27,11,"21100VistaHermosa",19.13,-97.733
2018-05-08,12.1,NA,20,13,"21100VistaHermosa",19.13,-97.733
2018-05-09,0,NA,23,11,"21100VistaHermosa",19.13,-97.733
2018-05-10,0,NA,24,11,"21100VistaHermosa",19.13,-97.733
2018-05-11,0,NA,26,11,"21100VistaHermosa",19.13,-97.733
2018-05-12,0,NA,27,12,"21100VistaHermosa",19.13,-97.733
2018-05-13,0,NA,31,10,"21100VistaHermosa",19.13,-97.733
2018-05-14,0,NA,32,10,"21100VistaHermosa",19.13,-97.733
2018-05-15,0,NA,28,11,"21100VistaHermosa",19.13,-97.733
2018-05-16,0,NA,32,11,"21100VistaHermosa",19.13,-97.733
2018-05-17,0,NA,32,11,"21100VistaHermosa",19.13,-97.733
2018-05-18,13.2,NA,31,11,"21100VistaHermosa",19.13,-97.733
2018-05-19,10,NA,20,13,"21100VistaHermosa",19.13,-97.733
2018-05-20,10,NA,26,11,"21100VistaHermosa",19.13,-97.733
2018-05-21,0,NA,25,12,"21100VistaHermosa",19.13,-97.733
2018-05-22,0,NA,30,11,"21100VistaHermosa",19.13,-97.733
2018-05-23,0,NA,32,10,"21100VistaHermosa",19.13,-97.733
2018-05-24,0,NA,30,11,"21100VistaHermosa",19.13,-97.733
2018-05-25,0,NA,31,11,"21100VistaHermosa",19.13,-97.733
2018-05-26,0,NA,32,10,"21100VistaHermosa",19.13,-97.733
2018-05-27,0,NA,32,10,"21100VistaHermosa",19.13,-97.733
2018-05-28,0,NA,32,11,"21100VistaHermosa",19.13,-97.733
2018-05-29,0,NA,35,10,"21100VistaHermosa",19.13,-97.733
2018-05-30,0,NA,35,11,"21100VistaHermosa",19.13,-97.733
2018-05-31,0,NA,32,11,"21100VistaHermosa",19.13,-97.733
2018-06-01,0,NA,34,13,"21100VistaHermosa",19.13,-97.733
2018-06-02,0,NA,30,11,"21100VistaHermosa",19.13,-97.733
2018-06-03,0,NA,30,11,"21100VistaHermosa",19.13,-97.733
2018-06-04,0,NA,30,10,"21100VistaHermosa",19.13,-97.733
2018-06-05,0,NA,30,11,"21100VistaHermosa",19.13,-97.733
2018-06-06,0,NA,30,11,"21100VistaHermosa",19.13,-97.733
2018-06-07,2,NA,27,10,"21100VistaHermosa",19.13,-97.733
2018-06-08,0,NA,28,12,"21100VistaHermosa",19.13,-97.733
2018-06-09,0,NA,27,11,"21100VistaHermosa",19.13,-97.733
2018-06-10,0,NA,28,11,"21100VistaHermosa",19.13,-97.733
2018-06-11,15.9,NA,27,12,"21100VistaHermosa",19.13,-97.733
2018-06-12,15.1,NA,23,14,"21100VistaHermosa",19.13,-97.733
2018-06-13,3,NA,20,12,"21100VistaHermosa",19.13,-97.733
2018-06-14,8.7,NA,20,12,"21100VistaHermosa",19.13,-97.733
2018-06-15,3.3,NA,22,13,"21100VistaHermosa",19.13,-97.733
2018-06-16,8,NA,25,13,"21100VistaHermosa",19.13,-97.733
2018-06-17,15.7,NA,22,12,"21100VistaHermosa",19.13,-97.733
2018-06-18,2.7,NA,19,12,"21100VistaHermosa",19.13,-97.733
2018-06-19,0,NA,22,12,"21100VistaHermosa",19.13,-97.733
2018-06-20,0,NA,22,12,"21100VistaHermosa",19.13,-97.733
2018-06-21,1,NA,23,13,"21100VistaHermosa",19.13,-97.733
2018-06-22,0,NA,24,12,"21100VistaHermosa",19.13,-97.733
2018-06-23,0,NA,25,11,"21100VistaHermosa",19.13,-97.733
2018-06-24,5.1,NA,25,11,"21100VistaHermosa",19.13,-97.733
2018-06-25,0,NA,24,12,"21100VistaHermosa",19.13,-97.733
2018-06-26,0,NA,26,13,"21100VistaHermosa",19.13,-97.733
2018-06-27,0,NA,26,12,"21100VistaHermosa",19.13,-97.733
2018-06-28,0,NA,22,12,"21100VistaHermosa",19.13,-97.733
2018-06-29,0,NA,27,10,"21100VistaHermosa",19.13,-97.733
2018-06-30,0,NA,27,10,"21100VistaHermosa",19.13,-97.733
2018-07-01,0,NA,27,10,"21100VistaHermosa",19.13,-97.733
2018-07-02,0,NA,27,11,"21100VistaHermosa",19.13,-97.733
2018-07-03,5.2,NA,28,11,"21100VistaHermosa",19.13,-97.733
2018-07-04,0,NA,26,11,"21100VistaHermosa",19.13,-97.733
2018-07-05,0,NA,29,9,"21100VistaHermosa",19.13,-97.733
2018-07-06,0,NA,26,10,"21100VistaHermosa",19.13,-97.733
2018-07-07,0,NA,24,11,"21100VistaHermosa",19.13,-97.733
2018-07-08,0,NA,22,10,"21100VistaHermosa",19.13,-97.733
2018-07-09,0,NA,26,10,"21100VistaHermosa",19.13,-97.733
2018-07-10,0,NA,22,9,"21100VistaHermosa",19.13,-97.733
2018-07-11,3.4,NA,22,10,"21100VistaHermosa",19.13,-97.733
2018-07-12,0,NA,25,8,"21100VistaHermosa",19.13,-97.733
2018-07-13,0,NA,26,9,"21100VistaHermosa",19.13,-97.733
2018-07-14,0,NA,25,10,"21100VistaHermosa",19.13,-97.733
2018-07-15,0,NA,27,9,"21100VistaHermosa",19.13,-97.733
2018-07-16,0,NA,29,10,"21100VistaHermosa",19.13,-97.733
2018-07-17,0,NA,28,10,"21100VistaHermosa",19.13,-97.733
2018-07-18,0,NA,28,10,"21100VistaHermosa",19.13,-97.733
2018-07-19,0,NA,29,10,"21100VistaHermosa",19.13,-97.733
2018-07-20,0,NA,29,11,"21100VistaHermosa",19.13,-97.733
2018-07-21,0,NA,31,10,"21100VistaHermosa",19.13,-97.733
2018-07-22,0,NA,27,10,"21100VistaHermosa",19.13,-97.733
2018-07-23,0,NA,30,10,"21100VistaHermosa",19.13,-97.733
2018-07-24,0,NA,32,12,"21100VistaHermosa",19.13,-97.733
2018-07-25,0,NA,27,12,"21100VistaHermosa",19.13,-97.733
2018-07-26,0,NA,27,11,"21100VistaHermosa",19.13,-97.733
2018-07-27,0,NA,26,11,"21100VistaHermosa",19.13,-97.733
2018-07-28,0,NA,30,10,"21100VistaHermosa",19.13,-97.733
2018-07-29,0,NA,31,11,"21100VistaHermosa",19.13,-97.733
2018-07-30,0,NA,29,11,"21100VistaHermosa",19.13,-97.733
2018-07-31,0,NA,29,12,"21100VistaHermosa",19.13,-97.733
2018-08-01,0,NA,27,12,"21100VistaHermosa",19.13,-97.733
2018-08-02,0,NA,23,12,"21100VistaHermosa",19.13,-97.733
2018-08-03,0,NA,22,13,"21100VistaHermosa",19.13,-97.733
2018-08-04,0,NA,26,9,"21100VistaHermosa",19.13,-97.733
2018-08-05,2,NA,24,10,"21100VistaHermosa",19.13,-97.733
2018-08-06,2.5,NA,25,11,"21100VistaHermosa",19.13,-97.733
2018-08-07,0,NA,26,10,"21100VistaHermosa",19.13,-97.733
2018-08-08,0,NA,26,10,"21100VistaHermosa",19.13,-97.733
2018-08-09,0,NA,29,11,"21100VistaHermosa",19.13,-97.733
2018-08-10,17,NA,29,10,"21100VistaHermosa",19.13,-97.733
2018-08-11,10.8,NA,27,11,"21100VistaHermosa",19.13,-97.733
2018-08-12,0,NA,25,13,"21100VistaHermosa",19.13,-97.733
2018-08-13,1.5,NA,26,12,"21100VistaHermosa",19.13,-97.733
2018-08-14,4.7,NA,26,10,"21100VistaHermosa",19.13,-97.733
2018-08-15,1.3,NA,25,11,"21100VistaHermosa",19.13,-97.733
2018-08-16,0,NA,27,10,"21100VistaHermosa",19.13,-97.733
2018-08-17,19.6,NA,27,9,"21100VistaHermosa",19.13,-97.733
2018-08-18,8.9,NA,23,9,"21100VistaHermosa",19.13,-97.733
2018-08-19,0,NA,29,10,"21100VistaHermosa",19.13,-97.733
2018-08-20,14.5,NA,28,12,"21100VistaHermosa",19.13,-97.733
2018-08-21,0,NA,24,10,"21100VistaHermosa",19.13,-97.733
2018-08-22,0,NA,20,11,"21100VistaHermosa",19.13,-97.733
2018-08-23,0,NA,24,12,"21100VistaHermosa",19.13,-97.733
2018-08-24,0,NA,27,11,"21100VistaHermosa",19.13,-97.733
2018-08-25,4.5,NA,28,12,"21100VistaHermosa",19.13,-97.733
2018-08-26,4.6,NA,24,10,"21100VistaHermosa",19.13,-97.733
2018-08-27,8.7,NA,25,10,"21100VistaHermosa",19.13,-97.733
2018-08-28,0,NA,23,11,"21100VistaHermosa",19.13,-97.733
2018-08-29,14.9,NA,27,13,"21100VistaHermosa",19.13,-97.733
2018-08-30,0,NA,25,13,"21100VistaHermosa",19.13,-97.733
2018-08-31,0,NA,29,12,"21100VistaHermosa",19.13,-97.733
2018-09-01,0,NA,30,12,"21100VistaHermosa",19.13,-97.733
2018-09-02,0,NA,28,12,"21100VistaHermosa",19.13,-97.733
2018-09-03,0,NA,30,13,"21100VistaHermosa",19.13,-97.733
2018-09-04,0,NA,26,12,"21100VistaHermosa",19.13,-97.733
2018-09-05,1.5,NA,28,13,"21100VistaHermosa",19.13,-97.733
2018-09-06,0,NA,30,13,"21100VistaHermosa",19.13,-97.733
2018-09-07,0,NA,30,12,"21100VistaHermosa",19.13,-97.733
2018-09-08,0,NA,28,12,"21100VistaHermosa",19.13,-97.733
2018-09-09,0,NA,30,11,"21100VistaHermosa",19.13,-97.733
2018-09-10,0,NA,29,11,"21100VistaHermosa",19.13,-97.733
2018-09-11,10.3,NA,26,14,"21100VistaHermosa",19.13,-97.733
2018-09-12,7.4,NA,25,14,"21100VistaHermosa",19.13,-97.733
2018-09-13,0,NA,23,13,"21100VistaHermosa",19.13,-97.733
2018-09-14,0,NA,25,12,"21100VistaHermosa",19.13,-97.733
2018-09-15,4.3,NA,25,13,"21100VistaHermosa",19.13,-97.733
2018-09-16,0,NA,24,13,"21100VistaHermosa",19.13,-97.733
2018-09-17,0,NA,27,13,"21100VistaHermosa",19.13,-97.733
2018-09-18,0,NA,28,12,"21100VistaHermosa",19.13,-97.733
2018-09-19,0,NA,31,12,"21100VistaHermosa",19.13,-97.733
2018-09-20,0,NA,28,13,"21100VistaHermosa",19.13,-97.733
2018-09-21,0,NA,27,12,"21100VistaHermosa",19.13,-97.733
2018-09-22,0,NA,26,10,"21100VistaHermosa",19.13,-97.733
2018-09-23,0,NA,26,10,"21100VistaHermosa",19.13,-97.733
2018-09-24,2.5,NA,26,10,"21100VistaHermosa",19.13,-97.733
2018-09-25,0,NA,27,10,"21100VistaHermosa",19.13,-97.733
2018-09-26,0,NA,26,10,"21100VistaHermosa",19.13,-97.733
2018-09-27,0,NA,25,9,"21100VistaHermosa",19.13,-97.733
2018-09-28,0,NA,22,9,"21100VistaHermosa",19.13,-97.733
2018-09-29,0,NA,24,9,"21100VistaHermosa",19.13,-97.733
2018-09-30,0,NA,27,9,"21100VistaHermosa",19.13,-97.733
2018-10-01,NA,NA,NA,NA,"21100VistaHermosa",19.13,-97.733
2018-10-02,NA,NA,NA,NA,"21100VistaHermosa",19.13,-97.733
2018-10-03,NA,NA,NA,NA,"21100VistaHermosa",19.13,-97.733
2018-10-04,NA,NA,NA,NA,"21100VistaHermosa",19.13,-97.733
2018-10-05,NA,NA,NA,NA,"21100VistaHermosa",19.13,-97.733
2018-10-06,NA,NA,NA,NA,"21100VistaHermosa",19.13,-97.733
2018-10-07,NA,NA,NA,NA,"21100VistaHermosa",19.13,-97.733
2018-10-08,NA,NA,NA,NA,"21100VistaHermosa",19.13,-97.733
2018-10-09,NA,NA,NA,NA,"21100VistaHermosa",19.13,-97.733
2018-10-10,NA,NA,NA,NA,"21100VistaHermosa",19.13,-97.733
2018-10-11,NA,NA,NA,NA,"21100VistaHermosa",19.13,-97.733
2018-10-12,NA,NA,NA,NA,"21100VistaHermosa",19.13,-97.733
2018-10-13,NA,NA,NA,NA,"21100VistaHermosa",19.13,-97.733
2018-10-14,NA,NA,NA,NA,"21100VistaHermosa",19.13,-97.733
2018-10-15,NA,NA,NA,NA,"21100VistaHermosa",19.13,-97.733
2018-10-16,NA,NA,NA,NA,"21100VistaHermosa",19.13,-97.733
2018-10-17,NA,NA,NA,NA,"21100VistaHermosa",19.13,-97.733
2018-10-18,NA,NA,NA,NA,"21100VistaHermosa",19.13,-97.733
2018-10-19,NA,NA,NA,NA,"21100VistaHermosa",19.13,-97.733
2018-10-20,NA,NA,NA,NA,"21100VistaHermosa",19.13,-97.733
2018-10-21,NA,NA,NA,NA,"21100VistaHermosa",19.13,-97.733
2018-10-22,NA,NA,NA,NA,"21100VistaHermosa",19.13,-97.733
2018-10-23,NA,NA,NA,NA,"21100VistaHermosa",19.13,-97.733
2018-10-24,NA,NA,NA,NA,"21100VistaHermosa",19.13,-97.733
2018-10-25,NA,NA,NA,NA,"21100VistaHermosa",19.13,-97.733
2018-10-26,NA,NA,NA,NA,"21100VistaHermosa",19.13,-97.733
2018-10-27,NA,NA,NA,NA,"21100VistaHermosa",19.13,-97.733
2018-10-28,NA,NA,NA,NA,"21100VistaHermosa",19.13,-97.733
2018-10-29,NA,NA,NA,NA,"21100VistaHermosa",19.13,-97.733
2018-10-30,NA,NA,NA,NA,"21100VistaHermosa",19.13,-97.733
2018-10-31,NA,NA,NA,NA,"21100VistaHermosa",19.13,-97.733
2018-11-01,NA,NA,NA,NA,"21100VistaHermosa",19.13,-97.733
2018-11-02,NA,NA,NA,NA,"21100VistaHermosa",19.13,-97.733
2018-11-03,NA,NA,NA,NA,"21100VistaHermosa",19.13,-97.733
2018-11-04,NA,NA,NA,NA,"21100VistaHermosa",19.13,-97.733
2018-11-05,NA,NA,NA,NA,"21100VistaHermosa",19.13,-97.733
2018-11-06,NA,NA,NA,NA,"21100VistaHermosa",19.13,-97.733
2018-11-07,NA,NA,NA,NA,"21100VistaHermosa",19.13,-97.733
2018-11-08,NA,NA,NA,NA,"21100VistaHermosa",19.13,-97.733
2018-11-09,NA,NA,NA,NA,"21100VistaHermosa",19.13,-97.733
2018-11-10,NA,NA,NA,NA,"21100VistaHermosa",19.13,-97.733
2018-11-11,NA,NA,NA,NA,"21100VistaHermosa",19.13,-97.733
2018-11-12,NA,NA,NA,NA,"21100VistaHermosa",19.13,-97.733
2018-11-13,NA,NA,NA,NA,"21100VistaHermosa",19.13,-97.733
2018-11-14,NA,NA,NA,NA,"21100VistaHermosa",19.13,-97.733
2018-11-15,NA,NA,NA,NA,"21100VistaHermosa",19.13,-97.733
2018-11-16,NA,NA,NA,NA,"21100VistaHermosa",19.13,-97.733
2018-11-17,NA,NA,NA,NA,"21100VistaHermosa",19.13,-97.733
2018-11-18,NA,NA,NA,NA,"21100VistaHermosa",19.13,-97.733
2018-11-19,NA,NA,NA,NA,"21100VistaHermosa",19.13,-97.733
2018-11-20,NA,NA,NA,NA,"21100VistaHermosa",19.13,-97.733
2018-11-21,NA,NA,NA,NA,"21100VistaHermosa",19.13,-97.733
2018-11-22,NA,NA,NA,NA,"21100VistaHermosa",19.13,-97.733
2018-11-23,NA,NA,NA,NA,"21100VistaHermosa",19.13,-97.733
2018-11-24,NA,NA,NA,NA,"21100VistaHermosa",19.13,-97.733
2018-11-25,NA,NA,NA,NA,"21100VistaHermosa",19.13,-97.733
2018-11-26,NA,NA,NA,NA,"21100VistaHermosa",19.13,-97.733
2018-11-27,NA,NA,NA,NA,"21100VistaHermosa",19.13,-97.733
2018-11-28,NA,NA,NA,NA,"21100VistaHermosa",19.13,-97.733
2018-11-29,NA,NA,NA,NA,"21100VistaHermosa",19.13,-97.733
2018-11-30,NA,NA,NA,NA,"21100VistaHermosa",19.13,-97.733
2018-12-01,NA,NA,NA,NA,"21100VistaHermosa",19.13,-97.733
2018-12-02,NA,NA,NA,NA,"21100VistaHermosa",19.13,-97.733
2018-12-03,NA,NA,NA,NA,"21100VistaHermosa",19.13,-97.733
2018-12-04,NA,NA,NA,NA,"21100VistaHermosa",19.13,-97.733
2018-12-05,NA,NA,NA,NA,"21100VistaHermosa",19.13,-97.733
2018-12-06,NA,NA,NA,NA,"21100VistaHermosa",19.13,-97.733
2018-12-07,NA,NA,NA,NA,"21100VistaHermosa",19.13,-97.733
2018-12-08,NA,NA,NA,NA,"21100VistaHermosa",19.13,-97.733
2018-12-09,NA,NA,NA,NA,"21100VistaHermosa",19.13,-97.733
2018-12-10,NA,NA,NA,NA,"21100VistaHermosa",19.13,-97.733
2018-12-11,NA,NA,NA,NA,"21100VistaHermosa",19.13,-97.733
2018-12-12,NA,NA,NA,NA,"21100VistaHermosa",19.13,-97.733
2018-12-13,NA,NA,NA,NA,"21100VistaHermosa",19.13,-97.733
2018-12-14,NA,NA,NA,NA,"21100VistaHermosa",19.13,-97.733
2018-12-15,NA,NA,NA,NA,"21100VistaHermosa",19.13,-97.733
2018-12-16,NA,NA,NA,NA,"21100VistaHermosa",19.13,-97.733
2018-12-17,NA,NA,NA,NA,"21100VistaHermosa",19.13,-97.733
2018-12-18,NA,NA,NA,NA,"21100VistaHermosa",19.13,-97.733
2018-12-19,NA,NA,NA,NA,"21100VistaHermosa",19.13,-97.733
2018-12-20,NA,NA,NA,NA,"21100VistaHermosa",19.13,-97.733
2018-12-21,NA,NA,NA,NA,"21100VistaHermosa",19.13,-97.733
2018-12-22,NA,NA,NA,NA,"21100VistaHermosa",19.13,-97.733
2018-12-23,NA,NA,NA,NA,"21100VistaHermosa",19.13,-97.733
2018-12-24,NA,NA,NA,NA,"21100VistaHermosa",19.13,-97.733
2018-12-25,NA,NA,NA,NA,"21100VistaHermosa",19.13,-97.733
2018-12-26,NA,NA,NA,NA,"21100VistaHermosa",19.13,-97.733
2018-12-27,NA,NA,NA,NA,"21100VistaHermosa",19.13,-97.733
2018-12-28,NA,NA,NA,NA,"21100VistaHermosa",19.13,-97.733
2018-12-29,NA,NA,NA,NA,"21100VistaHermosa",19.13,-97.733
2018-12-30,NA,NA,NA,NA,"21100VistaHermosa",19.13,-97.733
2018-12-31,NA,NA,NA,NA,"21100VistaHermosa",19.13,-97.733
2019-01-01,NA,NA,NA,NA,"21100VistaHermosa",19.13,-97.733
2019-01-02,NA,NA,NA,NA,"21100VistaHermosa",19.13,-97.733
2019-01-03,NA,NA,NA,NA,"21100VistaHermosa",19.13,-97.733
2019-01-04,NA,NA,NA,NA,"21100VistaHermosa",19.13,-97.733
2019-01-05,NA,NA,NA,NA,"21100VistaHermosa",19.13,-97.733
2019-01-06,NA,NA,NA,NA,"21100VistaHermosa",19.13,-97.733
2019-01-07,NA,NA,NA,NA,"21100VistaHermosa",19.13,-97.733
2019-01-08,NA,NA,NA,NA,"21100VistaHermosa",19.13,-97.733
2019-01-09,NA,NA,NA,NA,"21100VistaHermosa",19.13,-97.733
2019-01-10,NA,NA,NA,NA,"21100VistaHermosa",19.13,-97.733
2019-01-11,NA,NA,NA,NA,"21100VistaHermosa",19.13,-97.733
2019-01-12,NA,NA,NA,NA,"21100VistaHermosa",19.13,-97.733
2019-01-13,NA,NA,NA,NA,"21100VistaHermosa",19.13,-97.733
2019-01-14,NA,NA,NA,NA,"21100VistaHermosa",19.13,-97.733
2019-01-15,NA,NA,NA,NA,"21100VistaHermosa",19.13,-97.733
2019-01-16,NA,NA,NA,NA,"21100VistaHermosa",19.13,-97.733
2019-01-17,NA,NA,NA,NA,"21100VistaHermosa",19.13,-97.733
2019-01-18,NA,NA,NA,NA,"21100VistaHermosa",19.13,-97.733
2019-01-19,NA,NA,NA,NA,"21100VistaHermosa",19.13,-97.733
2019-01-20,NA,NA,NA,NA,"21100VistaHermosa",19.13,-97.733
2019-01-21,NA,NA,NA,NA,"21100VistaHermosa",19.13,-97.733
2019-01-22,NA,NA,NA,NA,"21100VistaHermosa",19.13,-97.733
2019-01-23,NA,NA,NA,NA,"21100VistaHermosa",19.13,-97.733
2019-01-24,NA,NA,NA,NA,"21100VistaHermosa",19.13,-97.733
2019-01-25,NA,NA,NA,NA,"21100VistaHermosa",19.13,-97.733
2019-01-26,NA,NA,NA,NA,"21100VistaHermosa",19.13,-97.733
2019-01-27,NA,NA,NA,NA,"21100VistaHermosa",19.13,-97.733
2019-01-28,NA,NA,NA,NA,"21100VistaHermosa",19.13,-97.733
2019-01-29,NA,NA,NA,NA,"21100VistaHermosa",19.13,-97.733
2019-01-30,NA,NA,NA,NA,"21100VistaHermosa",19.13,-97.733
2019-01-31,NA,NA,NA,NA,"21100VistaHermosa",19.13,-97.733
2019-02-01,NA,NA,NA,NA,"21100VistaHermosa",19.13,-97.733
2019-02-02,NA,NA,NA,NA,"21100VistaHermosa",19.13,-97.733
2019-02-03,NA,NA,NA,NA,"21100VistaHermosa",19.13,-97.733
2019-02-04,NA,NA,NA,NA,"21100VistaHermosa",19.13,-97.733
2019-02-05,NA,NA,NA,NA,"21100VistaHermosa",19.13,-97.733
2019-02-06,NA,NA,NA,NA,"21100VistaHermosa",19.13,-97.733
2019-02-07,NA,NA,NA,NA,"21100VistaHermosa",19.13,-97.733
2019-02-08,NA,NA,NA,NA,"21100VistaHermosa",19.13,-97.733
2019-02-09,NA,NA,NA,NA,"21100VistaHermosa",19.13,-97.733
2019-02-10,NA,NA,NA,NA,"21100VistaHermosa",19.13,-97.733
2019-02-11,NA,NA,NA,NA,"21100VistaHermosa",19.13,-97.733
2019-02-12,NA,NA,NA,NA,"21100VistaHermosa",19.13,-97.733
2019-02-13,NA,NA,NA,NA,"21100VistaHermosa",19.13,-97.733
2019-02-14,NA,NA,NA,NA,"21100VistaHermosa",19.13,-97.733
2019-02-15,NA,NA,NA,NA,"21100VistaHermosa",19.13,-97.733
2019-02-16,NA,NA,NA,NA,"21100VistaHermosa",19.13,-97.733
2019-02-17,NA,NA,NA,NA,"21100VistaHermosa",19.13,-97.733
2019-02-18,NA,NA,NA,NA,"21100VistaHermosa",19.13,-97.733
2019-02-19,NA,NA,NA,NA,"21100VistaHermosa",19.13,-97.733
2019-02-20,NA,NA,NA,NA,"21100VistaHermosa",19.13,-97.733
2019-02-21,NA,NA,NA,NA,"21100VistaHermosa",19.13,-97.733
2019-02-22,NA,NA,NA,NA,"21100VistaHermosa",19.13,-97.733
2019-02-23,NA,NA,NA,NA,"21100VistaHermosa",19.13,-97.733
2019-02-24,NA,NA,NA,NA,"21100VistaHermosa",19.13,-97.733
2019-02-25,NA,NA,NA,NA,"21100VistaHermosa",19.13,-97.733
2019-02-26,NA,NA,NA,NA,"21100VistaHermosa",19.13,-97.733
2019-02-27,NA,NA,NA,NA,"21100VistaHermosa",19.13,-97.733
2019-02-28,NA,NA,NA,NA,"21100VistaHermosa",19.13,-97.733
2019-03-01,NA,NA,NA,NA,"21100VistaHermosa",19.13,-97.733
2019-03-02,NA,NA,NA,NA,"21100VistaHermosa",19.13,-97.733
2019-03-03,NA,NA,NA,NA,"21100VistaHermosa",19.13,-97.733
2019-03-04,NA,NA,NA,NA,"21100VistaHermosa",19.13,-97.733
2019-03-05,NA,NA,NA,NA,"21100VistaHermosa",19.13,-97.733
2019-03-06,NA,NA,NA,NA,"21100VistaHermosa",19.13,-97.733
2019-03-07,NA,NA,NA,NA,"21100VistaHermosa",19.13,-97.733
2019-03-08,NA,NA,NA,NA,"21100VistaHermosa",19.13,-97.733
2019-03-09,NA,NA,NA,NA,"21100VistaHermosa",19.13,-97.733
2019-03-10,NA,NA,NA,NA,"21100VistaHermosa",19.13,-97.733
2019-03-11,NA,NA,NA,NA,"21100VistaHermosa",19.13,-97.733
2019-03-12,NA,NA,NA,NA,"21100VistaHermosa",19.13,-97.733
2019-03-13,NA,NA,NA,NA,"21100VistaHermosa",19.13,-97.733
2019-03-14,NA,NA,NA,NA,"21100VistaHermosa",19.13,-97.733
2019-03-15,NA,NA,NA,NA,"21100VistaHermosa",19.13,-97.733
2019-03-16,NA,NA,NA,NA,"21100VistaHermosa",19.13,-97.733
2019-03-17,NA,NA,NA,NA,"21100VistaHermosa",19.13,-97.733
2019-03-18,NA,NA,NA,NA,"21100VistaHermosa",19.13,-97.733
2019-03-19,NA,NA,NA,NA,"21100VistaHermosa",19.13,-97.733
2019-03-20,NA,NA,NA,NA,"21100VistaHermosa",19.13,-97.733
2019-03-21,NA,NA,NA,NA,"21100VistaHermosa",19.13,-97.733
2019-03-22,NA,NA,NA,NA,"21100VistaHermosa",19.13,-97.733
2019-03-23,NA,NA,NA,NA,"21100VistaHermosa",19.13,-97.733
2019-03-24,NA,NA,NA,NA,"21100VistaHermosa",19.13,-97.733
2019-03-25,NA,NA,NA,NA,"21100VistaHermosa",19.13,-97.733
2019-03-26,NA,NA,NA,NA,"21100VistaHermosa",19.13,-97.733
2019-03-27,NA,NA,NA,NA,"21100VistaHermosa",19.13,-97.733
2019-03-28,NA,NA,NA,NA,"21100VistaHermosa",19.13,-97.733
2019-03-29,NA,NA,NA,NA,"21100VistaHermosa",19.13,-97.733
2019-03-30,NA,NA,NA,NA,"21100VistaHermosa",19.13,-97.733
2019-03-31,NA,NA,NA,NA,"21100VistaHermosa",19.13,-97.733
2019-04-01,NA,NA,NA,NA,"21100VistaHermosa",19.13,-97.733
2019-04-02,NA,NA,NA,NA,"21100VistaHermosa",19.13,-97.733
2019-04-03,NA,NA,NA,NA,"21100VistaHermosa",19.13,-97.733
2019-04-04,NA,NA,NA,NA,"21100VistaHermosa",19.13,-97.733
2019-04-05,NA,NA,NA,NA,"21100VistaHermosa",19.13,-97.733
2019-04-06,NA,NA,NA,NA,"21100VistaHermosa",19.13,-97.733
2019-04-07,NA,NA,NA,NA,"21100VistaHermosa",19.13,-97.733
2019-04-08,NA,NA,NA,NA,"21100VistaHermosa",19.13,-97.733
2019-04-09,NA,NA,NA,NA,"21100VistaHermosa",19.13,-97.733
2019-04-10,NA,NA,NA,NA,"21100VistaHermosa",19.13,-97.733
2019-04-11,NA,NA,NA,NA,"21100VistaHermosa",19.13,-97.733
2019-04-12,NA,NA,NA,NA,"21100VistaHermosa",19.13,-97.733
2019-04-13,NA,NA,NA,NA,"21100VistaHermosa",19.13,-97.733
2019-04-14,NA,NA,NA,NA,"21100VistaHermosa",19.13,-97.733
2019-04-15,NA,NA,NA,NA,"21100VistaHermosa",19.13,-97.733
2019-04-16,NA,NA,NA,NA,"21100VistaHermosa",19.13,-97.733
2019-04-17,NA,NA,NA,NA,"21100VistaHermosa",19.13,-97.733
2019-04-18,NA,NA,NA,NA,"21100VistaHermosa",19.13,-97.733
2019-04-19,NA,NA,NA,NA,"21100VistaHermosa",19.13,-97.733
2019-04-20,NA,NA,NA,NA,"21100VistaHermosa",19.13,-97.733
2019-04-21,NA,NA,NA,NA,"21100VistaHermosa",19.13,-97.733
2019-04-22,NA,NA,NA,NA,"21100VistaHermosa",19.13,-97.733
2019-04-23,NA,NA,NA,NA,"21100VistaHermosa",19.13,-97.733
2019-04-24,NA,NA,NA,NA,"21100VistaHermosa",19.13,-97.733
2019-04-25,NA,NA,NA,NA,"21100VistaHermosa",19.13,-97.733
2019-04-26,NA,NA,NA,NA,"21100VistaHermosa",19.13,-97.733
2019-04-27,NA,NA,NA,NA,"21100VistaHermosa",19.13,-97.733
2019-04-28,NA,NA,NA,NA,"21100VistaHermosa",19.13,-97.733
2019-04-29,NA,NA,NA,NA,"21100VistaHermosa",19.13,-97.733
2019-04-30,NA,NA,NA,NA,"21100VistaHermosa",19.13,-97.733
2019-05-01,NA,NA,NA,NA,"21100VistaHermosa",19.13,-97.733
2019-05-02,NA,NA,NA,NA,"21100VistaHermosa",19.13,-97.733
2019-05-03,NA,NA,NA,NA,"21100VistaHermosa",19.13,-97.733
2019-05-04,NA,NA,NA,NA,"21100VistaHermosa",19.13,-97.733
2019-05-05,NA,NA,NA,NA,"21100VistaHermosa",19.13,-97.733
2019-05-06,NA,NA,NA,NA,"21100VistaHermosa",19.13,-97.733
2019-05-07,NA,NA,NA,NA,"21100VistaHermosa",19.13,-97.733
2019-05-08,NA,NA,NA,NA,"21100VistaHermosa",19.13,-97.733
2019-05-09,NA,NA,NA,NA,"21100VistaHermosa",19.13,-97.733
2019-05-10,NA,NA,NA,NA,"21100VistaHermosa",19.13,-97.733
2019-05-11,NA,NA,NA,NA,"21100VistaHermosa",19.13,-97.733
2019-05-12,NA,NA,NA,NA,"21100VistaHermosa",19.13,-97.733
2019-05-13,NA,NA,NA,NA,"21100VistaHermosa",19.13,-97.733
2019-05-14,NA,NA,NA,NA,"21100VistaHermosa",19.13,-97.733
2019-05-15,NA,NA,NA,NA,"21100VistaHermosa",19.13,-97.733
2019-05-16,NA,NA,NA,NA,"21100VistaHermosa",19.13,-97.733
2019-05-17,NA,NA,NA,NA,"21100VistaHermosa",19.13,-97.733
2019-05-18,NA,NA,NA,NA,"21100VistaHermosa",19.13,-97.733
2019-05-19,NA,NA,NA,NA,"21100VistaHermosa",19.13,-97.733
2019-05-20,NA,NA,NA,NA,"21100VistaHermosa",19.13,-97.733
2019-05-21,NA,NA,NA,NA,"21100VistaHermosa",19.13,-97.733
2019-05-22,NA,NA,NA,NA,"21100VistaHermosa",19.13,-97.733
2019-05-23,NA,NA,NA,NA,"21100VistaHermosa",19.13,-97.733
2019-05-24,NA,NA,NA,NA,"21100VistaHermosa",19.13,-97.733
2019-05-25,NA,NA,NA,NA,"21100VistaHermosa",19.13,-97.733
2019-05-26,NA,NA,NA,NA,"21100VistaHermosa",19.13,-97.733
2019-05-27,NA,NA,NA,NA,"21100VistaHermosa",19.13,-97.733
2019-05-28,NA,NA,NA,NA,"21100VistaHermosa",19.13,-97.733
2019-05-29,NA,NA,NA,NA,"21100VistaHermosa",19.13,-97.733
2019-05-30,NA,NA,NA,NA,"21100VistaHermosa",19.13,-97.733
2019-05-31,NA,NA,NA,NA,"21100VistaHermosa",19.13,-97.733
2019-06-01,NA,NA,NA,NA,"21100VistaHermosa",19.13,-97.733
2019-06-02,NA,NA,NA,NA,"21100VistaHermosa",19.13,-97.733
2019-06-03,NA,NA,NA,NA,"21100VistaHermosa",19.13,-97.733
2019-06-04,NA,NA,NA,NA,"21100VistaHermosa",19.13,-97.733
2019-06-05,NA,NA,NA,NA,"21100VistaHermosa",19.13,-97.733
2019-06-06,NA,NA,NA,NA,"21100VistaHermosa",19.13,-97.733
2019-06-07,NA,NA,NA,NA,"21100VistaHermosa",19.13,-97.733
2019-06-08,NA,NA,NA,NA,"21100VistaHermosa",19.13,-97.733
2019-06-09,NA,NA,NA,NA,"21100VistaHermosa",19.13,-97.733
2019-06-10,NA,NA,NA,NA,"21100VistaHermosa",19.13,-97.733
2019-06-11,NA,NA,NA,NA,"21100VistaHermosa",19.13,-97.733
2019-06-12,NA,NA,NA,NA,"21100VistaHermosa",19.13,-97.733
2019-06-13,NA,NA,NA,NA,"21100VistaHermosa",19.13,-97.733
2019-06-14,NA,NA,NA,NA,"21100VistaHermosa",19.13,-97.733
2019-06-15,NA,NA,NA,NA,"21100VistaHermosa",19.13,-97.733
2019-06-16,NA,NA,NA,NA,"21100VistaHermosa",19.13,-97.733
2019-06-17,NA,NA,NA,NA,"21100VistaHermosa",19.13,-97.733
2019-06-18,NA,NA,NA,NA,"21100VistaHermosa",19.13,-97.733
2019-06-19,NA,NA,NA,NA,"21100VistaHermosa",19.13,-97.733
2019-06-20,NA,NA,NA,NA,"21100VistaHermosa",19.13,-97.733
2019-06-21,NA,NA,NA,NA,"21100VistaHermosa",19.13,-97.733
2019-06-22,NA,NA,NA,NA,"21100VistaHermosa",19.13,-97.733
2019-06-23,NA,NA,NA,NA,"21100VistaHermosa",19.13,-97.733
2019-06-24,NA,NA,NA,NA,"21100VistaHermosa",19.13,-97.733
2019-06-25,NA,NA,NA,NA,"21100VistaHermosa",19.13,-97.733
2019-06-26,NA,NA,NA,NA,"21100VistaHermosa",19.13,-97.733
2019-06-27,NA,NA,NA,NA,"21100VistaHermosa",19.13,-97.733
2019-06-28,NA,NA,NA,NA,"21100VistaHermosa",19.13,-97.733
2019-06-29,NA,NA,NA,NA,"21100VistaHermosa",19.13,-97.733
2019-06-30,NA,NA,NA,NA,"21100VistaHermosa",19.13,-97.733
2019-07-01,NA,NA,NA,NA,"21100VistaHermosa",19.13,-97.733
2019-07-02,NA,NA,NA,NA,"21100VistaHermosa",19.13,-97.733
2019-07-03,NA,NA,NA,NA,"21100VistaHermosa",19.13,-97.733
2019-07-04,NA,NA,NA,NA,"21100VistaHermosa",19.13,-97.733
2019-07-05,NA,NA,NA,NA,"21100VistaHermosa",19.13,-97.733
2019-07-06,NA,NA,NA,NA,"21100VistaHermosa",19.13,-97.733
2019-07-07,NA,NA,NA,NA,"21100VistaHermosa",19.13,-97.733
2019-07-08,NA,NA,NA,NA,"21100VistaHermosa",19.13,-97.733
2019-07-09,NA,NA,NA,NA,"21100VistaHermosa",19.13,-97.733
2019-07-10,NA,NA,NA,NA,"21100VistaHermosa",19.13,-97.733
2019-07-11,NA,NA,NA,NA,"21100VistaHermosa",19.13,-97.733
2019-07-12,NA,NA,NA,NA,"21100VistaHermosa",19.13,-97.733
2019-07-13,NA,NA,NA,NA,"21100VistaHermosa",19.13,-97.733
2019-07-14,NA,NA,NA,NA,"21100VistaHermosa",19.13,-97.733
2019-07-15,NA,NA,NA,NA,"21100VistaHermosa",19.13,-97.733
2019-07-16,NA,NA,NA,NA,"21100VistaHermosa",19.13,-97.733
2019-07-17,NA,NA,NA,NA,"21100VistaHermosa",19.13,-97.733
2019-07-18,NA,NA,NA,NA,"21100VistaHermosa",19.13,-97.733
2019-07-19,NA,NA,NA,NA,"21100VistaHermosa",19.13,-97.733
2019-07-20,NA,NA,NA,NA,"21100VistaHermosa",19.13,-97.733
2019-07-21,NA,NA,NA,NA,"21100VistaHermosa",19.13,-97.733
2019-07-22,NA,NA,NA,NA,"21100VistaHermosa",19.13,-97.733
2019-07-23,NA,NA,NA,NA,"21100VistaHermosa",19.13,-97.733
2019-07-24,NA,NA,NA,NA,"21100VistaHermosa",19.13,-97.733
2019-07-25,NA,NA,NA,NA,"21100VistaHermosa",19.13,-97.733
2019-07-26,NA,NA,NA,NA,"21100VistaHermosa",19.13,-97.733
2019-07-27,NA,NA,NA,NA,"21100VistaHermosa",19.13,-97.733
2019-07-28,NA,NA,NA,NA,"21100VistaHermosa",19.13,-97.733
2019-07-29,NA,NA,NA,NA,"21100VistaHermosa",19.13,-97.733
2019-07-30,NA,NA,NA,NA,"21100VistaHermosa",19.13,-97.733
2019-07-31,NA,NA,NA,NA,"21100VistaHermosa",19.13,-97.733
2019-08-01,NA,NA,NA,NA,"21100VistaHermosa",19.13,-97.733
2019-08-02,NA,NA,NA,NA,"21100VistaHermosa",19.13,-97.733
2019-08-03,NA,NA,NA,NA,"21100VistaHermosa",19.13,-97.733
2019-08-04,NA,NA,NA,NA,"21100VistaHermosa",19.13,-97.733
2019-08-05,NA,NA,NA,NA,"21100VistaHermosa",19.13,-97.733
2019-08-06,NA,NA,NA,NA,"21100VistaHermosa",19.13,-97.733
2019-08-07,NA,NA,NA,NA,"21100VistaHermosa",19.13,-97.733
2019-08-08,NA,NA,NA,NA,"21100VistaHermosa",19.13,-97.733
2019-08-09,NA,NA,NA,NA,"21100VistaHermosa",19.13,-97.733
2019-08-10,NA,NA,NA,NA,"21100VistaHermosa",19.13,-97.733
2019-08-11,NA,NA,NA,NA,"21100VistaHermosa",19.13,-97.733
2019-08-12,NA,NA,NA,NA,"21100VistaHermosa",19.13,-97.733
2019-08-13,NA,NA,NA,NA,"21100VistaHermosa",19.13,-97.733
2019-08-14,NA,NA,NA,NA,"21100VistaHermosa",19.13,-97.733
2019-08-15,NA,NA,NA,NA,"21100VistaHermosa",19.13,-97.733
2019-08-16,NA,NA,NA,NA,"21100VistaHermosa",19.13,-97.733
2019-08-17,NA,NA,NA,NA,"21100VistaHermosa",19.13,-97.733
2019-08-18,NA,NA,NA,NA,"21100VistaHermosa",19.13,-97.733
2019-08-19,NA,NA,NA,NA,"21100VistaHermosa",19.13,-97.733
2019-08-20,NA,NA,NA,NA,"21100VistaHermosa",19.13,-97.733
2019-08-21,NA,NA,NA,NA,"21100VistaHermosa",19.13,-97.733
2019-08-22,NA,NA,NA,NA,"21100VistaHermosa",19.13,-97.733
2019-08-23,NA,NA,NA,NA,"21100VistaHermosa",19.13,-97.733
2019-08-24,NA,NA,NA,NA,"21100VistaHermosa",19.13,-97.733
2019-08-25,NA,NA,NA,NA,"21100VistaHermosa",19.13,-97.733
2019-08-26,NA,NA,NA,NA,"21100VistaHermosa",19.13,-97.733
2019-08-27,NA,NA,NA,NA,"21100VistaHermosa",19.13,-97.733
2019-08-28,NA,NA,NA,NA,"21100VistaHermosa",19.13,-97.733
2019-08-29,NA,NA,NA,NA,"21100VistaHermosa",19.13,-97.733
2019-08-30,NA,NA,NA,NA,"21100VistaHermosa",19.13,-97.733
2019-08-31,NA,NA,NA,NA,"21100VistaHermosa",19.13,-97.733
2019-09-01,NA,NA,NA,NA,"21100VistaHermosa",19.13,-97.733
2019-09-02,NA,NA,NA,NA,"21100VistaHermosa",19.13,-97.733
2019-09-03,NA,NA,NA,NA,"21100VistaHermosa",19.13,-97.733
2019-09-04,NA,NA,NA,NA,"21100VistaHermosa",19.13,-97.733
2019-09-05,NA,NA,NA,NA,"21100VistaHermosa",19.13,-97.733
2019-09-06,NA,NA,NA,NA,"21100VistaHermosa",19.13,-97.733
2019-09-07,NA,NA,NA,NA,"21100VistaHermosa",19.13,-97.733
2019-09-08,NA,NA,NA,NA,"21100VistaHermosa",19.13,-97.733
2019-09-09,NA,NA,NA,NA,"21100VistaHermosa",19.13,-97.733
2019-09-10,NA,NA,NA,NA,"21100VistaHermosa",19.13,-97.733
2019-09-11,NA,NA,NA,NA,"21100VistaHermosa",19.13,-97.733
2019-09-12,NA,NA,NA,NA,"21100VistaHermosa",19.13,-97.733
2019-09-13,NA,NA,NA,NA,"21100VistaHermosa",19.13,-97.733
2019-09-14,NA,NA,NA,NA,"21100VistaHermosa",19.13,-97.733
2019-09-15,NA,NA,NA,NA,"21100VistaHermosa",19.13,-97.733
2019-09-16,NA,NA,NA,NA,"21100VistaHermosa",19.13,-97.733
2019-09-17,NA,NA,NA,NA,"21100VistaHermosa",19.13,-97.733
2019-09-18,NA,NA,NA,NA,"21100VistaHermosa",19.13,-97.733
2019-09-19,NA,NA,NA,NA,"21100VistaHermosa",19.13,-97.733
2019-09-20,NA,NA,NA,NA,"21100VistaHermosa",19.13,-97.733
2019-09-21,NA,NA,NA,NA,"21100VistaHermosa",19.13,-97.733
2019-09-22,NA,NA,NA,NA,"21100VistaHermosa",19.13,-97.733
2019-09-23,NA,NA,NA,NA,"21100VistaHermosa",19.13,-97.733
2019-09-24,NA,NA,NA,NA,"21100VistaHermosa",19.13,-97.733
2019-09-25,NA,NA,NA,NA,"21100VistaHermosa",19.13,-97.733
2019-09-26,NA,NA,NA,NA,"21100VistaHermosa",19.13,-97.733
2019-09-27,NA,NA,NA,NA,"21100VistaHermosa",19.13,-97.733
2019-09-28,NA,NA,NA,NA,"21100VistaHermosa",19.13,-97.733
2019-09-29,NA,NA,NA,NA,"21100VistaHermosa",19.13,-97.733
2019-09-30,NA,NA,NA,NA,"21100VistaHermosa",19.13,-97.733
2019-10-01,NA,NA,NA,NA,"21100VistaHermosa",19.13,-97.733
2019-10-02,NA,NA,NA,NA,"21100VistaHermosa",19.13,-97.733
2019-10-03,NA,NA,NA,NA,"21100VistaHermosa",19.13,-97.733
2019-10-04,NA,NA,NA,NA,"21100VistaHermosa",19.13,-97.733
2019-10-05,NA,NA,NA,NA,"21100VistaHermosa",19.13,-97.733
2019-10-06,NA,NA,NA,NA,"21100VistaHermosa",19.13,-97.733
2019-10-07,NA,NA,NA,NA,"21100VistaHermosa",19.13,-97.733
2019-10-08,NA,NA,NA,NA,"21100VistaHermosa",19.13,-97.733
2019-10-09,NA,NA,NA,NA,"21100VistaHermosa",19.13,-97.733
2019-10-10,NA,NA,NA,NA,"21100VistaHermosa",19.13,-97.733
2019-10-11,NA,NA,NA,NA,"21100VistaHermosa",19.13,-97.733
2019-10-12,NA,NA,NA,NA,"21100VistaHermosa",19.13,-97.733
2019-10-13,NA,NA,NA,NA,"21100VistaHermosa",19.13,-97.733
2019-10-14,NA,NA,NA,NA,"21100VistaHermosa",19.13,-97.733
2019-10-15,NA,NA,NA,NA,"21100VistaHermosa",19.13,-97.733
2019-10-16,NA,NA,NA,NA,"21100VistaHermosa",19.13,-97.733
2019-10-17,NA,NA,NA,NA,"21100VistaHermosa",19.13,-97.733
2019-10-18,NA,NA,NA,NA,"21100VistaHermosa",19.13,-97.733
2019-10-19,NA,NA,NA,NA,"21100VistaHermosa",19.13,-97.733
2019-10-20,NA,NA,NA,NA,"21100VistaHermosa",19.13,-97.733
2019-10-21,NA,NA,NA,NA,"21100VistaHermosa",19.13,-97.733
2019-10-22,NA,NA,NA,NA,"21100VistaHermosa",19.13,-97.733
2019-10-23,NA,NA,NA,NA,"21100VistaHermosa",19.13,-97.733
2019-10-24,NA,NA,NA,NA,"21100VistaHermosa",19.13,-97.733
2019-10-25,NA,NA,NA,NA,"21100VistaHermosa",19.13,-97.733
2019-10-26,NA,NA,NA,NA,"21100VistaHermosa",19.13,-97.733
2019-10-27,NA,NA,NA,NA,"21100VistaHermosa",19.13,-97.733
2019-10-28,NA,NA,NA,NA,"21100VistaHermosa",19.13,-97.733
2019-10-29,NA,NA,NA,NA,"21100VistaHermosa",19.13,-97.733
2019-10-30,NA,NA,NA,NA,"21100VistaHermosa",19.13,-97.733
2019-10-31,NA,NA,NA,NA,"21100VistaHermosa",19.13,-97.733
2019-11-01,NA,NA,NA,NA,"21100VistaHermosa",19.13,-97.733
2019-11-02,NA,NA,NA,NA,"21100VistaHermosa",19.13,-97.733
2019-11-03,NA,NA,NA,NA,"21100VistaHermosa",19.13,-97.733
2019-11-04,NA,NA,NA,NA,"21100VistaHermosa",19.13,-97.733
2019-11-05,NA,NA,NA,NA,"21100VistaHermosa",19.13,-97.733
2019-11-06,NA,NA,NA,NA,"21100VistaHermosa",19.13,-97.733
2019-11-07,NA,NA,NA,NA,"21100VistaHermosa",19.13,-97.733
2019-11-08,NA,NA,NA,NA,"21100VistaHermosa",19.13,-97.733
2019-11-09,NA,NA,NA,NA,"21100VistaHermosa",19.13,-97.733
2019-11-10,NA,NA,NA,NA,"21100VistaHermosa",19.13,-97.733
2019-11-11,NA,NA,NA,NA,"21100VistaHermosa",19.13,-97.733
2019-11-12,NA,NA,NA,NA,"21100VistaHermosa",19.13,-97.733
2019-11-13,NA,NA,NA,NA,"21100VistaHermosa",19.13,-97.733
2019-11-14,NA,NA,NA,NA,"21100VistaHermosa",19.13,-97.733
2019-11-15,NA,NA,NA,NA,"21100VistaHermosa",19.13,-97.733
2019-11-16,NA,NA,NA,NA,"21100VistaHermosa",19.13,-97.733
2019-11-17,NA,NA,NA,NA,"21100VistaHermosa",19.13,-97.733
2019-11-18,NA,NA,NA,NA,"21100VistaHermosa",19.13,-97.733
2019-11-19,NA,NA,NA,NA,"21100VistaHermosa",19.13,-97.733
2019-11-20,NA,NA,NA,NA,"21100VistaHermosa",19.13,-97.733
2019-11-21,NA,NA,NA,NA,"21100VistaHermosa",19.13,-97.733
2019-11-22,NA,NA,NA,NA,"21100VistaHermosa",19.13,-97.733
2019-11-23,NA,NA,NA,NA,"21100VistaHermosa",19.13,-97.733
2019-11-24,NA,NA,NA,NA,"21100VistaHermosa",19.13,-97.733
2019-11-25,NA,NA,NA,NA,"21100VistaHermosa",19.13,-97.733
2019-11-26,NA,NA,NA,NA,"21100VistaHermosa",19.13,-97.733
2019-11-27,NA,NA,NA,NA,"21100VistaHermosa",19.13,-97.733
2019-11-28,NA,NA,NA,NA,"21100VistaHermosa",19.13,-97.733
2019-11-29,NA,NA,NA,NA,"21100VistaHermosa",19.13,-97.733
2019-11-30,NA,NA,NA,NA,"21100VistaHermosa",19.13,-97.733
2019-12-01,NA,NA,NA,NA,"21100VistaHermosa",19.13,-97.733
2019-12-02,NA,NA,NA,NA,"21100VistaHermosa",19.13,-97.733
2019-12-03,NA,NA,NA,NA,"21100VistaHermosa",19.13,-97.733
2019-12-04,NA,NA,NA,NA,"21100VistaHermosa",19.13,-97.733
2019-12-05,NA,NA,NA,NA,"21100VistaHermosa",19.13,-97.733
2019-12-06,NA,NA,NA,NA,"21100VistaHermosa",19.13,-97.733
2019-12-07,NA,NA,NA,NA,"21100VistaHermosa",19.13,-97.733
2019-12-08,NA,NA,NA,NA,"21100VistaHermosa",19.13,-97.733
2019-12-09,NA,NA,NA,NA,"21100VistaHermosa",19.13,-97.733
2019-12-10,NA,NA,NA,NA,"21100VistaHermosa",19.13,-97.733
2019-12-11,NA,NA,NA,NA,"21100VistaHermosa",19.13,-97.733
2019-12-12,NA,NA,NA,NA,"21100VistaHermosa",19.13,-97.733
2019-12-13,NA,NA,NA,NA,"21100VistaHermosa",19.13,-97.733
2019-12-14,NA,NA,NA,NA,"21100VistaHermosa",19.13,-97.733
2019-12-15,NA,NA,NA,NA,"21100VistaHermosa",19.13,-97.733
2019-12-16,NA,NA,NA,NA,"21100VistaHermosa",19.13,-97.733
2019-12-17,NA,NA,NA,NA,"21100VistaHermosa",19.13,-97.733
2019-12-18,NA,NA,NA,NA,"21100VistaHermosa",19.13,-97.733
2019-12-19,NA,NA,NA,NA,"21100VistaHermosa",19.13,-97.733
2019-12-20,NA,NA,NA,NA,"21100VistaHermosa",19.13,-97.733
2019-12-21,NA,NA,NA,NA,"21100VistaHermosa",19.13,-97.733
2019-12-22,NA,NA,NA,NA,"21100VistaHermosa",19.13,-97.733
2019-12-23,NA,NA,NA,NA,"21100VistaHermosa",19.13,-97.733
2019-12-24,NA,NA,NA,NA,"21100VistaHermosa",19.13,-97.733
2019-12-25,NA,NA,NA,NA,"21100VistaHermosa",19.13,-97.733
2019-12-26,NA,NA,NA,NA,"21100VistaHermosa",19.13,-97.733
2019-12-27,NA,NA,NA,NA,"21100VistaHermosa",19.13,-97.733
2019-12-28,NA,NA,NA,NA,"21100VistaHermosa",19.13,-97.733
2019-12-29,NA,NA,NA,NA,"21100VistaHermosa",19.13,-97.733
2019-12-30,NA,NA,NA,NA,"21100VistaHermosa",19.13,-97.733
2019-12-31,NA,NA,NA,NA,"21100VistaHermosa",19.13,-97.733
